{"cameraMode":{"drawMode":0,"name":"Shaded","section":"Shading Mode"},"sceneLighting":true,"audioPlay":false,"sceneViewState":{"m_AlwaysRefresh":false,"showFog":true,"showSkybox":true,"showFlares":true,"showImageEffects":true,"showParticleSystems":true,"showVisualEffectGraphs":true,"m_FxEnabled":true},"in2DMode":false,"pivot":{"x":-0.14332282543182374,"y":-2.5644681453704836,"z":13.974761962890625},"rotation":{"x":-0.07373936474323273,"y":0.00957108847796917,"z":-0.0007076848414726555,"w":-0.9972324371337891},"size":12.542186737060547,"orthographic":false}